Workbook

Sheet 除水設定,循環動態管理
A1: 【基本情報】
A2: 透析時間 (HD session) | B2: 240 | C2: min | E2: 除水量 (ΔBW) | F2: =B5-B6 -> 3.9 | G2: 単純な体重差 | H2: PWI | I2: =IF(F3=0, 0, F4/F3) -> 2.025641 | J2: - | K2: 2≦ PWI ≦4
A3: 総除水量 (Total UFR) | B3: 3800 | C3: ml | E3: 体重変化率 | F3: =IF(B5=0, 0, F2/B5) -> 0.035262206 | G3: ΔBW / PreBW | H3: mean Kr | I3: =IF((F7-F6)=0, 0, (F5-I4)/(F7-F6)) -> 5.0693214 | J3: ml/min/mmHg | K3: 1≦ Kr ≦4 | L3: プラズマリフィル係数
A4: 【体重データ】 | E4: TP濃縮率 | F4: =IF(B9=0, 0, 1-(B8/B9)) -> 0.071428571 | G4: 1 - (TP1/TP2) | H4: CPV Rate | I4: =(F8-F9)/B2 -> 1.916145 | J4: ml/min | K4: 血漿量減少速度
A5: 透析前 体重 (BW Pre) | B5: 110.6 | C5: kg | E5: UFR (除水速度) | F5: =IF(B2=0, 0, B3/B2) -> 15.833333 | G5: ml/min | H5: UFR | I5: =F5 -> 15.833333 | J5: ml/min | K5: 設定除水速度
A6: 透析後 体重 (BW Post) | B6: 106.7 | C6: kg | E6: π1 (膠質浸透圧 前) | F6: =2.1*B8 + 0.16*(B8^2) + 0.009*(B8^3) -> 22.881625 | G6: 3次多項式で算出
A7: 【血液データ】 | E7: π2 (膠質浸透圧 後) | F7: =2.1*B9 + 0.16*(B9^2) + 0.009*(B9^3) -> 25.627 | G7: 3次多項式で算出 | H7: URR (除去率) | I7: =((B11-B12)/B11)*100 -> 53.85906
A8: 透析前 TP (TP1) | B8: 6.5 | C8: g/dL | E8: CPV1 (循環血漿量 前) | F8: =0.077 * B5 * 1000 * (1 - B10/100) -> 6438.2472 | G8: 体重の7.7%×(1-Ht) | H8: Kt/V (Daugirdas) | I8: =-LN(B12/B11-0.008*(B2/60))+(4-3.5*(B12/B11))*(F2/B6) -> 0.93252129
A9: 透析後 TP (TP2) | B9: 7 | C9: g/dL | E9: CPV2 (循環血漿量 後) | F9: =F8 * (B8/B9) -> 5978.3724 | G9: CPV1 × (TP1/TP2)
A10: 透析前 Ht (Ht1) | B10: 24.4 | C10: %
A11: 透析前BUN (Co) | B11: 59.6 | C11: mg/dL
A12: 透析後BUN (Ct) | B12: 27.5 | C12: mg/dL
A13: ="【透析分析依頼】以下のデータに基づき、医学的な考察をお願いします。" & CHAR(10) & CHAR(10) & "■基本データ" & CHAR(10) & "透析時間: " & B2 & "min, 除水量: " & B3 & "ml (UFR: " & TEXT(I5,"0.0") & " ml/min)" & CHAR(10) & "体重: " & B5 & "kg → " & B6 & "kg (Δ" & TEXT(F2,"0.00") & "kg)" & CHAR(10) & "TP: " & B8 & " → " & B9 & " g/dL" & CHAR(10) & "Ht(前): " & B10 & "%" & CHAR(10) & CHAR(10) & "■算出指標" & CHAR(10) & "1. PWI (Protein-Water Index): " & TEXT(I2,"0.000") & CHAR(10) & " (エビデンスPWI <2 除水量に対し循環血漿量が多い状態のためDWを下げる必要がある 2≦ PWI ≦4 DWが適正範囲にある可能性が高い｡ これは体重の1%の除水に対し､ 循環血漿量が2~4%減少することを示し､ 適切なplasma refilling rate (血管内への水分補充速度) が保たれている状態と解釈される｡ PWI >4 除水量に対し循環血漿量が不足している状態のためDWを上げる必要がある.)" & CHAR(10) & "2. mean Kr (プラズマリフィル係数): " & TEXT(I3,"0.000") & " ml/min/mmHg" & CHAR(10) &"(エビデンス mean Kr<1DWを上げる必要がある.1≦ mean Kr≦4 DWが適正範囲にある可能性が高い. mean Kr>4DWを下げる必要がある.)" & CHAR(10) & "3. CPV Rate (血漿量減少速度): " & TEXT(I4,"0.00") & " ml/min" & CHAR(10) & "4. 膠質浸透圧変化(π): " & TEXT(F6,"0.0") & " → " & TEXT(F7,"0.0") & " mmHg" & CHAR(10) & CHAR(10) & "■依頼事項" & CHAR(10) & "上記指標（特にPWIとmean Kr）のバランスから、現在の除水設定が患者のプラズマリフィル能力に対して適切か、またはリフィル不全のリスクがあるか分析してください。" -> 【透析分析依頼】以下のデータに基づき、医学的な考察をお願いします。 ■基本データ 透析時間: 240min, 除水量: 3800ml (UFR: 15.8 ml/min) 体重: 110.6kg → 106.7kg (Δ3.90kg) TP: 6.5 → 7 g/dL Ht(前): 24.4% ■算出指標 1. PWI (Protein-Water Index): 2.026 (エビデンスPWI <2 除水量に対し循環血漿量が多い状態のためDWを下げる必要がある 2≦ PWI ≦4 DWが適正範囲にある可能性が高い｡ これは体重の1%の除水に対し､ 循環血漿量が2~4%減少することを示し､ 適切なplasma refilling rate (血管内への水分補充速度) が保たれている状態と解釈される｡ PWI >4 除水量に対し循環血漿量が不足している状態のためDWを上げる必要がある.) 2. mean Kr (プラズマリフィル係数): 5.069 ml/min/mmHg (エビデンス mean Kr<1DWを上げる必要がある.1≦ mean Kr≦4 DWが適正範囲にある可能性が高い. mean Kr>4DWを下げる必要がある.) 3. CPV Rate (血漿量減少速度): 1.92 ml/min 4. 膠質浸透圧変化(π): 22.9 → 25.6 mmHg ■依頼事項 上記指標（特にPWIとmean Kr）のバランスから、現在の除水設定が患者のプラズマリフィル能力に対して適切か、またはリフィル不全のリスクがあるか分析してください。
A15: ="【透析分析依頼】以下のデータに基づき考察をお願いします。" & CHAR(10) & "■効率指標" & CHAR(10) & "Kt/V: " & TEXT(I8,"0.00") & " (目標1.2以上)" & CHAR(10) & "URR: " & TEXT(I7,"0.0") & "% (目標65%以上)" & CHAR(10) & "■動態指標" & CHAR(10) & "PWI: " & TEXT(I2,"0.000") & ", mean Kr: " & TEXT(I3,"0.000") & CHAR(10) & "■状況" & CHAR(10) & "BUN: " & B11 & "→" & B12 & ", 除水: " & B3 & "ml" & CHAR(10) & CHAR(10) & "この患者の透析効率と循環動態のバランスについて分析してください。" -> 【透析分析依頼】以下のデータに基づき考察をお願いします。 ■効率指標 Kt/V: 0.93 (目標1.2以上) URR: 53.9% (目標65%以上) ■動態指標 PWI: 2.026, mean Kr: 5.069 ■状況 BUN: 59.6→27.5, 除水: 3800ml この患者の透析効率と循環動態のバランスについて分析してください。

Sheet 透析効率,貧血管理
A1: 【患者データ】 | E1: 【現在のクリアランス分析】 | I1: 優先改善アクション | J1: =IF(B4>=1.2, "現状維持可能", IF(F4<0.8, "再循環/回路点検推奨", IF(B6<250, "Qb増量を検討", "膜面積(KoA)増を検討"))) -> 膜面積(KoA)増を検討
A2: 透析時間 (t) | B2: ='除水設定,循環動態管理'!B2 -> 240 | C2: min | E2: 理論クリアランス (K) | F2: =B6 * (EXP(B9/B6 * (1 - B6/B7)) - 1) / (EXP(B9/B6 * (1 - B6/B7)) - B6/B7) -> 248.75005 | G2: Michaels式による理論値(ml/min) | I2: 除水リスク判定 | J2: =IF(C27<2,"DWを下げる必要がある",IF(C27>4,"DWを上げる必要がある","適正範囲")) -> 適正範囲
A3: 透析後体重 (DW) | B3: ='除水設定,循環動態管理'!B6 -> 106.7 | C3: kg | E3: 実測クリアランス (K) | F3: =(B4 * (B3 * 0.6) * 1000) / B2 -> 248.75005 | G3: Kt/Vから逆算した実際のK | I3: 貧血管理アラート | J3: =IF(F18>15, "【警告】ESA低反応性（透析量不足/鉄欠乏/炎症を評価）", IF(B18<10, "Hgb低下（ESA増量検討）", "貧血管理 良好")) -> #DIV/0!
A4: 実測 Kt/V | B4: ='除水設定,循環動態管理'!I8 -> 0.93252129 | C4: - | E4: 実効効率係数 | F4: =F3/F2 -> 1 | G4: アクセス再循環等による効率低下率(通常0.8〜0.95) | I4: リン除去アラート | J4: =IF(F19<50, "リン除去不足（KoA増/時間延長の検討）", "リン除去 良好") -> リン除去 良好
A5: 【現在の機器設定】
A6: 血流量 (Qb) | B6: 250 | C6: ml/min | E6: 【シミュレーション結果予測】
A7: 透析液流量 (Qd) | B7: 500 | C7: ml/min | E7: 新・理論クリアランス | F7: =B11 * (EXP(B13/B11 * (1 - B11/B7)) - 1) / (EXP(B13/B11 * (1 - B11/B7)) - B11/B7) -> 294.28947 | G7: 変更後の条件での理論K
A8: 表面積 (Area) | B8: 2.1 | C8: ㎡ | E8: 新・実測予測クリアランス | F8: =F7 * F4 -> 294.28947 | G8: 理論値に実効効率を掛けたリアルな予測K
A9: 現在の KoA | B9: =(B6/(1-B6/B7))*LN((1-F3/B7)/(1-F3/B6)) -> 2305.0999 | C9: ml/min | E9: 予測 Kt/V | F9: =(F8 * B12) / ((B3 * 0.6) * 1000) -> 1.1032408 | G9: ★最終予測値
A10: 【シミュレーション設定】
A11: 変更後の 血流量 (Qb) | B11: 300 | C11: ml/min
A12: 変更後の 透析時間 (t) | B12: 240 | C12: min
A13: 変更後の KoA | B13: 2305 | C13: ml/min
A14: 変更後の 膜面積 | B14: 2.1 | C14: ㎡
A15: ="【透析処方最適化レポート依頼】" & CHAR(10) & "以下の計算結果に基づき、透析専門医として最適化案を提示してください。" & CHAR(10) & CHAR(10) & "■1. Sheet2!現在のステータス" & CHAR(10) & "・実測Kt/V: " & TEXT(B4,"0.00") & " (目標1.2以上)" & CHAR(10) & "・実行効率係数: " & TEXT(F4,"0.00") & " (※1.0に近いほど機器性能が発揮されている)" & CHAR(10) & "・循環動態PWI: " & TEXT(C27,"0.00") & " (※エビデンスPWI <2 除水量に対し循環血漿量が多い状態のためDWを下げる必要がある 2≦ PWI ≦4 DWが適正範囲にある可能性が高い｡ これは体重の1%の除水に対し､ 循環血漿量が2~4%減少することを示し､ 適切なplasma refilling rate (血管内への水分補充速度) が保たれている状態と解釈される｡ PWI >4 除水量に対し循環血漿量が不足している状態のためDWを上げる必要がある.)" & CHAR(10) & CHAR(10) & "■2. シミュレーション条件" & CHAR(10) & "・案：Qbを " & B11 & " ml/min、KoAを " & B13 & " に変更" & CHAR(10) & "・予測Kt/V: " & TEXT(F9,"0.00") & CHAR(10) & CHAR(10) & "■3. AIへの分析指示" & CHAR(10) & "① 現在の透析効率（Kt/V）不足の原因は、血流量(Qb)不足、ダイアライザ性能(KoA)不足、透析時間のいずれにある可能性が高いか？" & CHAR(10) & "② 実行効率係数が低い場合、シャント再循環や膜の目詰まりの可能性についてどう考えるか？" & CHAR(10) & "③ シミュレーション案を適用した場合、循環動態（PWI）にどのような影響を及ぼすリスクがあるか？" & CHAR(10) & "④ この患者に最適な『次回の処方変更案（優先順位）』を提示してください。" -> 【透析処方最適化レポート依頼】 以下の計算結果に基づき、透析専門医として最適化案を提示してください。 ■1. Sheet2!現在のステータス ・実測Kt/V: 0.93 (目標1.2以上) ・実行効率係数: 1.00 (※1.0に近いほど機器性能が発揮されている) ・循環動態PWI: 2.03 (※エビデンスPWI <2 除水量に対し循環血漿量が多い状態のためDWを下げる必要がある 2≦ PWI ≦4 DWが適正範囲にある可能性が高い｡ これは体重の1%の除水に対し､ 循環血漿量が2~4%減少することを示し､ 適切なplasma refilling rate (血管内への水分補充速度) が保たれている状態と解釈される｡ PWI >4 除水量に対し循環血漿量が不足している状態のためDWを上げる必要がある.) ■2. シミュレーション条件 ・案：Qbを 300 ml/min、KoAを 2305 に変更 ・予測Kt/V: 1.10 ■3. AIへの分析指示 ① 現在の透析効率（Kt/V）不足の原因は、血流量(Qb)不足、ダイアライザ性能(KoA)不足、透析時間のいずれにある可能性が高いか？ ② 実行効率係数が低い場合、シャント再循環や膜の目詰まりの可能性についてどう考えるか？ ③ シミュレーション案を適用した場合、循環動態（PWI）にどのような影響を及ぼすリスクがあるか？ ④ この患者に最適な『次回の処方変更案（優先順位）』を提示してください。
A16: ="【透析処方シミュレーション・コンサルテーション】" & CHAR(10) & "透析専門医として、以下のシミュレーション結果に対する見解と最適なアプローチを提案してください。" & CHAR(10) & CHAR(10) & "■ 現在の状況" & CHAR(10) & "・実測Kt/V: " & TEXT(B4,"0.00") & " (目標1.2以上)" & CHAR(10) & "・現在の処方: 時間 " & B2& "分, Qb " & B6 & "ml/min, 膜面積 " & B8 & "㎡ (KoA " & B9 & ")" & CHAR(10) & "・実効効率係数: " & TEXT(F4,"0.00") & " (※1.0から離れるほど再循環等のロスあり)" & CHAR(10) & CHAR(10) & "■ シミュレーション案" & CHAR(10) & "以下の処方に変更した場合の予測値です。" & CHAR(10) & "・変更後: 時間 " & B12 & "分, Qb " &B11& "ml/min, 膜面積 " & B14 & "㎡ (KoA " & B13 & ")" & CHAR(10) & "・予測Kt/V: " & TEXT(F9,"0.00") & CHAR(10) & CHAR(10) & "■ 依頼事項" & CHAR(10) & "1. 今回のKt/V改善において、「時間延長」「血流量(Qb)増加」「ダイアライザ(KoA)のスケールアップ」のうち、どれが最も理論的な効果が高いと推測されますか？" & CHAR(10) & "2. 心機能や血行動態（除水負担）を考慮した場合、実臨床ではどの変数を優先して変更すべきか、専門的な見地からアドバイスをお願いします。" -> 【透析処方シミュレーション・コンサルテーション】 透析専門医として、以下のシミュレーション結果に対する見解と最適なアプローチを提案してください。 ■ 現在の状況 ・実測Kt/V: 0.93 (目標1.2以上) ・現在の処方: 時間 240分, Qb 250ml/min, 膜面積 2.1㎡ (KoA 2305.09994950182) ・実効効率係数: 1.00 (※1.0から離れるほど再循環等のロスあり) ■ シミュレーション案 以下の処方に変更した場合の予測値です。 ・変更後: 時間 240分, Qb 300ml/min, 膜面積 2.1㎡ (KoA 2305) ・予測Kt/V: 1.10 ■ 依頼事項 1. 今回のKt/V改善において、「時間延長」「血流量(Qb)増加」「ダイアライザ(KoA)のスケールアップ」のうち、どれが最も理論的な効果が高いと推測されますか？ 2. 心機能や血行動態（除水負担）を考慮した場合、実臨床ではどの変数を優先して変更すべきか、専門的な見地からアドバイスをお願いします。
A17: 【貧血管理データ】 | E17: 【貧血・電解質 分析】
A18: ヘモグロビン (Hgb) | B18: 8.1 | C18: g/dL | E18: ERI (ESA抵抗性指数) | F18: =B19 / B5 / B18 -> #DIV/0! | G18: ESA投与量 ÷ 体重 ÷ Hgb。一般に10〜15以上はESA低反応性（透析不足や鉄欠乏を疑う）
A19: ESA投与量/週 | C19: IU/week | E19: リン除去率 (PRR) | F19: =((B21-B22)/B21)*100 -> 54.237288 | G19: %。通常50〜60%程度。Pはリバウンドが大きいためKt/Vと乖離しやすい
A20: 【電解質データ】 | E20: カリウム除去率 (KRR) | F20: =((B23-B24)/B23)*100 -> 33.333333 | G20: %。カリウムの抜け具合を可視化
A21: 透析前 リン (P_pre) | B21: 5.9 | C21: mg/dL
A22: 透析後 リン (P_post) | B22: 2.7 | C22: mg/dL
A23: 透析前 カリウム (K_pre) | B23: 5.4 | C23: mEq/L
A24: 透析後 カリウム (K_post) | B24: 3.6 | C24: mEq/L
A26: ="【透析総合カンファレンス 評価依頼】" & CHAR(10) & "以下の5ドメインのデータから、患者の現在の状態と処方変更の最適解を専門医レベルで考察してください。" & CHAR(10) & CHAR(10) & "■1. 透析効率・機器性能" & CHAR(10) & "Kt/V: " & TEXT(F3,"0.00") & " / 実行効率係数: " & TEXT(F4,"0.00") & CHAR(10) & "現在の血流量(Qb): " & B6 & "ml/min, ダイアライザKoA: " & B9 & CHAR(10) & CHAR(10) & "■2. 循環動態（プラズマリフィル）" & CHAR(10) & "PWI: " & TEXT(C27,"0.00") & " / mean Kr: " & TEXT(C28,"0.000") & CHAR(10) & "除水速度: " & TEXT(C29,"0.0") & " ml/min" & CHAR(10) & CHAR(10) & "■3. 貧血管理" & CHAR(10) & "Hgb: " & B18 & " g/dL / ESA投与量: " & B19 & " IU/week" & CHAR(10) & "ERI (ESA抵抗性指数): " & TEXT(F18,"0.0") & CHAR(10) & CHAR(10) & "■4. 電解質・物質除去" & CHAR(10) & "P除去率: " & TEXT(F19,"0.0") & "% (前 " & B21 & " → 後 " & B22 & ")" & CHAR(10) & "K除去率: " & TEXT(F20,"0.0") & "%" & CHAR(10) & CHAR(10) & "■依頼事項" & CHAR(10) & "1. 【総合評価】Kt/V、ERI、P除去率のバランスから、現在の透析量は質量ともに十分ですか？（※Kt/Vは足りていても中分子/リン除去が不足していないか等）" & CHAR(10) & "2. 【処方提案】血流量(Qb)アップ、ダイアライザの膜面積(KoA)拡大、透析時間の延長のうち、この患者のデータ（特にPWI等の循環動態負担を考慮）から最も安全で効果的な一手はどれですか？理由とともに提案してください。" -> #DIV/0!
B27: PWI | C27: ='除水設定,循環動態管理'!I2 -> 2.025641
B28: mean Kr | C28: ='除水設定,循環動態管理'!I3 -> 5.0693214
B29: UFR (除水速度) | C29: ='除水設定,循環動態管理'!F5 -> 15.833333 | D29: ml/min
B30: CL | C30: =F3 -> 248.75005 | D30: ml/min

Sheet PWI.Krグラフ
A1: 日付 | B1: PWI | D1: 日付 | E1: mean Kr
A2: 46071 | B2: 3.8 | D2: 46099 | E2: ='除水設定,循環動態管理'!I3 -> 5.0693214
A3: 46099 | B3: 2

Sheet 心不全管理
A1: 基本計測とEF分類
A2: 左室駆出率 (LVEF) | B2: 38 | C2: % | D2: 判定結果 | E2: =IF(B2<40, "HFrEF", IF(B2<50, "HFmrEF", "HFpEF")) -> HFrEF | G2: HFrEF: 心筋の収縮力が低下。薬物療法の効果が最も高い。
A3: LVDd (mm) | C3: mm | D3: 分類の正式名称 | E3: =IF(B2<40, "収縮能の低下した心不全", IF(B2<50, "軽度低下した心不全", "収縮能の保持された心不全")) -> 収縮能の低下した心不全 | G3: HFmrEF: HFrEFからの改善(HFrecEF)やHFpEFからの悪化が混在。
D4: 推奨治療薬の概要 | E4: =IF(B2<40, "Fantastic Four (ARNI/ACEi/ARB, β遮断薬, MRA, SGLT2i)", IF(B2<50, "SGLT2i推奨、その他HFrEFに準じた薬物療法", "SGLT2i、利尿薬、併存症（HT, AF）の管理")) -> Fantastic Four (ARNI/ACEi/ARB, β遮断薬, MRA, SGLT2i) | G4: HFpEF: 拡張不全が主体。高齢者や女性、高血圧合併例に多い。
D5: 収縮能評価 | E5: =IF(B2<40,"低下",IF(B2<50,"軽度低下","保持")) -> 低下
A7: 壁運動スコアリング (WMSI) | B7: 領域 | C7: スコア | D7: Normal (正常) | E7: 心内膜の拍動と壁の肥厚化が正常（>30%以上） | F7: 1点
A8: Basal Anterior(基部前壁) | B8: LAD | D8: Hypokinesis (低下) | E8: 心内膜の拍動が減弱、壁の肥厚化が不十分（<30%） | F8: 2点
A9: Basal Ant-Sept(基部前壁中隔) | B9: LAD | D9: Akinesis (消失) | E9: 心内膜の拍動および壁の肥厚化がほぼ消失 | F9: 3点
A10: Mid Anterior(中部前壁) | B10: LAD | D10: Dyskinesis (奇異性) | E10: 収縮期に逆に外側に膨らむ（動脈瘤的変化） | F10: 4点
A11: Mid Ant-Sept(中部前壁中隔) | B11: LAD
A12: Apical Anterior(心尖部前壁) | B12: LAD
A13: Apical Septal(心尖部中隔) | B13: LAD
A14: Basal Inferior(基部下壁) | B14: RCA
A15: Basal Inf-Sept (基部下壁中隔) | B15: RCA
A16: Mid Inferior(中部下壁) | B16: RCA
A17: Mid Inf-Sept (中部下壁中隔) | B17: RCA
A18: Apical Inferior(心尖部下壁) | B18: RCA
A19: Basal Inf-Lat(基部下壁側壁) | B19: LCX
A20: Basal Ant-Lat(基部前壁側壁) | B20: LCX
A21: Mid Inf-Lat (中部下壁側壁) | B21: LCX
A22: Mid Ant-Lat(中部前壁側壁) | B22: LCX
A23: Apical Lateral(心尖部側壁) | B23: LCX
A24: WMSI (平均スコア) | B24: 平均 | C24: =AVERAGE(C8:C23) -> #DIV/0!
D25: 分類
A26: 弁膜症評価 | B26: 評価 | D26: None
A27: MR (僧帽弁逆流) | D27: Mild
A28: AR (大動脈弁逆流) | D28: Trivial
A29: AS (大動脈弁狭窄) | D29: Moderate
A30: TR (三尖弁逆流) | D30: Severe
A32: ="【解析結果】 " & E2& " (" &E5& ") です。" & IF(C24>1.2, "特定の壁運動異常(RWMA)を認め、WMSIは " & TEXT(C24,"0.00") & " と上昇しており虚血性変化が疑われます。", "明らかなRWMAは認めず、全周性の病態が疑われます。") & IF(B3>=55, " LVDdが " & B3 & "mm と拡大しており、左室リモデリングの進行が示唆されます。", " LVDdは許容範囲内です。") & IF(COUNTIF(B27:B30,"Severe")>0, " また、Severeな弁膜症を認めるため、心不全の主要因または増悪因子として考慮が必要です。", "") -> #DIV/0!
